sound_id,valence,arousal,category,description
0001,6.5454545450000001,4.1818181819999998,Music,LightMusic24
0002,3.2272727269999999,6.1818181819999998,Sound Effect,Sci-Fi4
0003,4.2272727269999999,5.2272727269999999,Sound Effect,Suspense Thriller1
0003_b,4.5,5.5,Sound Effect,Suspense Thriller2
0004,4.2083333329999997,6.5416666670000003,Sound Effect,HorrorFilm7
0006,3.7727272730000001,5.1818181819999998,Sound Effect,HorrorFilm18
0007,3.16,5.44,Sound Effect,Suspense Thriller3
0008,5.44,5.36,Music,BGM1
0009,5.5454545450000001,4.6818181819999998,Sound Effect,TragedyBGM1
0010,5.625,4.8333333329999997,Music,BGM2
0011,5.4090909089999997,5.7727272730000001,Sound Effect,Crux BGM1
0012,3.75,5.7083333329999997,Electric sound,Electronic Sound4
0013,3.64,5.68,Electric sound,Electronic Sound5
0014,4.3333333329999997,5.8333333329999997,Sound Effect,HorrorFilm19
0015,6.25,5.125,Music,BGM3
0015_b,6.0454545450000001,5.1818181819999998,Music,BGM4
0016,4.2083333329999997,6,Sound Effect,Crux BGM2
0017,5.75,5.25,Music,BGM5
0021,4.1818181819999998,6.4545454549999999,Sound Effect,DetectivefilmBGM1
0022,6,6.2272727269999999,Sound Effect,TragedyBGM2
0023,3.7727272730000001,6.5909090910000003,Sound Effect,Suspense Film7
0025,3.4545454549999999,6.6818181819999998,Sound Effect,Suspense Film8
0028,4.7916666670000003,4.875,Music,BGM6
0028_b,4.7083333329999997,4.4583333329999997,Music,BGM7
0029,4.25,4.7916666670000003,Sound Effect,HorrorFilm20
0031,4.8181818180000002,6.7727272730000001,Sound Effect,Crux BGM3
0032,4.875,6.9166666670000003,Sound Effect,Suspense Film9
0033,4.96,6.04,Sound Effect,Documentary16
0035,5.2272727269999999,5.3636363640000004,Sound Effect,Documentary17
0036,5.96,4.84,Sound Effect,Documentary18
0044,5.1363636359999996,4.8636363640000004,Sound Effect,Suspense Film10
0046,4.5909090910000003,5.6818181819999998,Music,BGM8
0048,5,5.7272727269999999,Music,BGM9
0049,3.863636364,5.1363636359999996,Sound Effect,Sci-Fi13
0050,5.625,5.75,Music,BGM10
0051,5.3181818180000002,4.7727272730000001,Sound Effect,Suspense Film11
0052,4,5.75,Sound Effect,Detective Thriller1
0054,6.2727272730000001,6.0454545450000001,Music,BGM11
0055,5,6.625,Sound Effect,Detective Thriller2
0056,2.75,6.1666666670000003,Sound Effect,Sci-Fi14
0057,5.6363636359999996,6.0454545450000001,Sound Effect,Suspense Film12
0058,3.6818181820000002,6.6363636359999996,Sound Effect,HorrorFilm21
0060,4.6666666670000003,4.8333333329999997,Electric sound,Electronic Sound38
0062,3.5909090909999999,5.5909090910000003,Sound Effect,Suspense Film13
0063,4.76,5.72,Sound Effect,Suspense Film14
0064,5.1363636359999996,3.9545454549999999,Sound Effect,Documentary1
0065,4.9583333329999997,5.125,Music,Tang Music1
0066,5.0454545450000001,5.2272727269999999,Music,Tang Music2
0068,6.0416666670000003,4.7916666670000003,Sound Effect,Suspense Film15
0069,4.8181818180000002,5.1818181819999998,Sound Effect,HorrorFilm22
0071,4.0909090910000003,5.2272727269999999,Sound Effect,Sci-Fi15
0075,2.5833333330000001,6.125,Sound Effect,HorrorFilm1
0076,5.4166666670000003,4.6666666670000003,Sound Effect,Suspense Film16
0077,5.0909090910000003,5,Sound Effect,HorrorFilm2
0078,4.3636363640000004,7.2272727269999999,Electric sound,Electronic Sound6
0079,4.6666666670000003,6.0833333329999997,Sound Effect,Documentary2
0080,4,5.7727272730000001,Sound Effect,Crux BGM4
0081,3.375,5.625,Electric sound,Sci-Fi16
0082,3.7727272730000001,6.3636363640000004,Sound Effect,HorrorFilm23
0083,4.9545454549999999,5.1818181819999998,Music,Ballade1
0084,5.7916666670000003,4.9166666670000003,Sound Effect,Suspense Film17
0085,4.5,4,Transport,Airplane2
0087,6.5909090910000003,7.7272727269999999,Electric sound,Electronic Sound7
0089,6.7727272730000001,4.6818181819999998,Sound Effect,Suspense Film18
0090,6.3181818180000002,5.7727272730000001,Music,Pops1
0093,3.6818181820000002,5.9090909089999997,Sound Effect,HorrorFilm24
0094,5.2083333329999997,6.0833333329999997,Sound Effect,Suspense Film19
0095,3.9090909090000001,5.9090909089999997,Sound Effect,Sci-Fi mystery1
0097,6.875,4,Music,Ballade2
0098,4.5199999999999996,4.88,Sound Effect,HorrorFilm8
0099,4.5599999999999996,5.32,Music,Ballade3
0100,3.636363636,6.7727272730000001,Sound Effect,HorrorFilm9
0102,4.8636363640000004,4.8181818180000002,Sound Effect,TragedyBGM3
0104,5.9545454549999999,3,Sound Effect,Documentary3
0105,6.2727272730000001,5.4090909089999997,Sound Effect,Documentary4
0107,4.92,6.28,Electric sound,Electronic Sound8
0108,5.7916666670000003,7.5,Electric sound,Electronic Sound9
0109,5,7.2916666670000003,Electric sound,Electronic Sound10
0112,3.3181818179999998,5.3181818180000002,Sound Effect,Documentary5
0113,5.1363636359999996,4.6363636359999996,Sound Effect,HorrorFilm3
0116,4.9583333329999997,5.6666666670000003,Sound Effect,Suspense Film20
0117,4.4545454549999999,4.9545454549999999,Sound Effect,HorrorFilm10
0118,4.4545454549999999,6.0909090910000003,Sound Effect,HorrorFilm11
0119,3.4090909090000001,5.8181818180000002,Sound Effect,HorrorFilm12
0121,3.9545454549999999,5.4090909089999997,Sound Effect,HorrorFilm4
0122,3.136363636,6.1363636359999996,Sound Effect,HorrorFilm13
0123,6.5,4.6666666670000003,Nature,Sea1
0124,5.2727272730000001,6.4090909089999997,Electric sound,Electronic Sound11
0125,3.6818181820000002,6.1818181819999998,Sound Effect,HorrorFilm5
0126,3.2272727269999999,5.5909090910000003,Sound Effect,HorrorFilm14
0127,2.4090909090000001,6.3636363640000004,Sound Effect,Sci-Fi17
0128,1.681818182,6.0454545450000001,Sound Effect,Sci-Fi18
0129,3.625,5.0833333329999997,Sound Effect,Suspense Film21
0129_b,4.6818181819999998,4.8181818180000002,Sound Effect,Suspense Film22
0130,4.2272727269999999,4.9090909089999997,Sound Effect,ThrillerBGM5
0131,3.875,6.3333333329999997,Sound Effect,DetectivefilmBGM2
0134,4.0454545450000001,5.6818181819999998,Sound Effect,HorrorFilm15
0135,4.12,4.92,Sound Effect,Sci-Fi19
0137,4.8181818180000002,4.6818181819999998,Sound Effect,Sci-Fi Mystery2
0138,4.5,4.9090909089999997,Sound Effect,Fantasy1
0139,3.375,5.9166666670000003,Daily Routine Sound,Machine14
0140,5.5,6,Sound Effect,Mystery BGM1
0141,4.7272727269999999,4.7727272730000001,Music,Ballade4
0142,3.04,6.16,Sound Effect,ThrillerBGM6
0143,4.2272727269999999,4.4090909089999997,Sound Effect,ThrillerBGM7
0145,4.1363636359999996,5.1363636359999996,Sound Effect,ThrillerBGM8
0146,3.7083333330000001,4.625,Sound Effect,ThrillerBGM9
0148,3.4166666669999999,6.875,Sound Effect,Mystery BGM2
0149,3.636363636,6.5,Nature,Wind1
0150,4.5454545450000001,6.0909090910000003,Sound Effect,Sci-Fi20
0151,4.6363636359999996,5.0909090910000003,Daily Routine Sound,Machine15
0152,3.48,5.32,Sound Effect,Fantasy2
0153,3.875,5.7083333329999997,Animals ,Scream2
0155,3.0454545450000001,7.3181818180000002,Electric sound,Electronic Sound12
0156,4.2727272730000001,7,Electric sound,Electronic Sound13
0157,4.3636363640000004,4.9545454549999999,Electric sound,Electronic Sound14
0159,3.4583333330000001,4.8333333329999997,Sound Effect,HorrorFilm16
0160,4.2,5.64,Sound Effect,ThrillerBGM10
0162,4.625,5.7083333329999997,Sound Effect,ThrillerBGM11
0163,3.375,5.6666666670000003,Sound Effect,Mystery BGM3
0164,4.3636363640000004,6.6818181819999998,Sound Effect,ThrillerBGM12
0166,3.5454545450000001,5.9090909089999997,Transport,Warcraft1
0167,2.863636364,6.6363636359999996,Transport,Warcraft2
0168,2.7727272730000001,6.9090909089999997,Sound Effect,Sci-Fi5
0169,2.4545454549999999,6.3181818180000002,Sound Effect,Sci-Fi6
0170,3.7916666669999999,5.75,Sound Effect,Suspense Film23
0171,3.863636364,5.0909090910000003,Sound Effect,Suspense Film24
0172,3.6,5.56,Electric sound,Electronic Sound15
0173,3.44,4.96,Transport,Warcraft3
0174,3.72,5.04,Sound Effect,Mystery BGM4
0175,4.375,5.25,Nature,SummerCountry1
0178,2.6666666669999999,6.3333333329999997,Sound Effect,ThrillerBGM13
0180,3.1818181820000002,6.2727272730000001,Electric sound,Electronic Sound16
0181,3.2916666669999999,5.6666666670000003,Daily Routine Sound,Machine1
0182,4.0416666670000003,5.4583333329999997,Electric sound,Electronic Sound17
0183,3.64,4.6399999999999997,Electric sound,Electronic Sound18
0185,3.44,5.52,Sound Effect,Mystery BGM5
0186,3.0454545450000001,4.4090909089999997,Sound Effect,ThrillerBGM14
0187,3.5909090909999999,5.3181818180000002,Sound Effect,Suspense Thriller4
0188,3.636363636,4.8636363640000004,Sound Effect,ThrillerBGM15
0189,3.363636364,5.3181818180000002,Sound Effect,Sci-Fi10
0190,3.6666666669999999,5.4166666670000003,Electric sound,Electronic Sound19
0191,4.25,4.5833333329999997,Electric sound,Electronic Sound20
0192,3.6818181820000002,5.6363636359999996,Sound Effect,ThrillerBGM16
0193,4.1666666670000003,6.1666666670000003,Daily Routine Sound,Mowerbackshaft
0194,4.0909090910000003,5.3636363640000004,Sound Effect,Sci-Fi7
0195,5.0909090910000003,4,Sound Effect,Sci-Fi mystery3
0196,4.1666666670000003,5.3333333329999997,Sound Effect,Sci-Fi1
0197,4.6818181819999998,6.2727272730000001,Sound Effect,Sci-Fi2
0198,3.625,5.2916666670000003,Sound Effect,Sci-Fi3
0199,3,6.2272727269999999,Sound Effect,Sci-Fi8
0200,6.5,3.375,Nature,Valley1
0201,5.92,4.4000000000000004,Nature,Valley2
0202,4.25,5.1666666670000003,Sound Effect,Sci-Fi9
0203,3.8181818179999998,5.5454545450000001,Electric sound,Electronic Sound21
0204,4.4166666670000003,5.0833333329999997,Sound Effect,ThrillerBGM17
0205,3.363636364,5.8636363640000004,Electric sound,Electronic Sound22
0206,3.7272727269999999,5.5454545450000001,Sound Effect,Sci-Fi11
0207,4.9166666670000003,5.875,Sound Effect,Mystery BGM6
0208,3.8333333330000001,6.125,Electric sound,Electronic Sound23
0209,2.2916666669999999,5.8333333329999997,Sound Effect,Thriller Suspense Film1
0211,4.5833333329999997,4.5416666670000003,Nature,Cave1
0212,4.5,4.8181818180000002,Sound Effect,Suspense Thriller19
0213,5.5909090910000003,4.8636363640000004,Music,Ballade5
0214,4.8181818180000002,4.5909090910000003,Sound Effect,Documentary6
0215,5.9545454549999999,3.1818181820000002,Music,LightMusic25
0217,2.5416666669999999,7.4166666670000003,Transport,Siren3
0219,5.1363636359999996,3.5909090909999999,Nature,Cave2
0221,4.1363636359999996,5.9090909089999997,Animals ,Eagle
0222,4.0833333329999997,5.5,Transport,Siren4
0224,2.5,6.2727272730000001,Daily Routine Sound,Machine Error1
0225,2.0909090909999999,7.5909090910000003,Daily Routine Sound,Machine Error2
0226,4.96,4.88,Animals ,Cat2
0227,4.7727272730000001,6.0454545450000001,Daily Routine Sound,Clock2
0233,4.5909090910000003,5.7727272730000001,Transport,Helicopter3
0234,5.1666666670000003,5.7083333329999997,Animals ,Cow
0235,4.6818181819999998,4.6363636359999996,Animals ,Crow
0237,5.8,4.92,Music,Symphony1
0238,4.6363636359999996,4.0454545450000001,Daily Routine Sound,Door
0240,2.25,6.75,Daily Routine Sound,Machine2
0241,3.7727272730000001,6.2727272730000001,Animals ,Elephant
0243,3.875,5.5416666670000003,Transport,Train2
0244,5.8181818180000002,5.6818181819999998,Music,Pops2
0246,3.5,6.2272727269999999,Breaking Sound,Gunslinging1
0247,5.3181818180000002,5.5909090910000003,Animals ,Horse
0248,6.2083333329999997,4.75,Music,LightMusic26
0249,6.2916666670000003,4.9583333329999997,Music,LightMusic27
0250,6.2272727269999999,4.1363636359999996,Music,LightMusic28
0252,5.9166666670000003,5.625,Music,VideoGame15
0253,6.8333333329999997,5.4583333329999997,Music,VideoGame16
0254,3.6818181820000002,5.8181818180000002,Animals ,Goat1
0255,5.5,5.9090909089999997,Transport,Train3
0256,4.8181818180000002,6.3181818180000002,Daily Routine Sound,Machine3
0257,4.8181818180000002,6.4545454549999999,Music,Pops3
0258,7.1666666670000003,2.9583333330000001,Animals ,Cicada1
0261,3.3181818179999998,6.5909090910000003,Daily Routine Sound,Working1
0263,6.5833333329999997,6,Daily Routine Sound,Bell1
0264,6,7.25,Music,Drum Set1
0266,4.125,5.625,Breaking Sound,Fencing1
0267,3.1818181820000002,6.3181818180000002,Breaking Sound,Machine Gun1
0271,4,7,Animals ,Wolf
0272,3.5454545450000001,5.3636363640000004,Electric sound,Electronic Sound3
0273,2.363636364,6.9545454549999999,Breaking Sound,Crash2
0275,3.9166666669999999,6.6666666670000003,People,Man laughing
0276,2.363636364,7.0454545450000001,People,WomanScream
0278,4.9090909089999997,5.4545454549999999,People,Wolking
0280,2.64,5.88,Daily Routine Sound,Machine4
0281,4.1666666670000003,4.875,Sound Effect,Effectsound1
0282,4.4545454549999999,6.0454545450000001,Transport,Car Engine
0283,3.636363636,6.1363636359999996,Transport,Braking
0284,4.1363636359999996,6.4545454549999999,Transport,Sportcar1
0285,3.0454545450000001,6.7727272730000001,Breaking Sound,Gunslinging2
0286,3.363636364,6.4090909089999997,Transport,Policecar
0287,5.7083333329999997,5.75,Transport,Train4
0288,4.9583333329999997,5.2916666670000003,Transport,Warcraft4
0289,4.875,5.2083333329999997,Transport,Helicopter4
0290,5.4166666670000003,6.125,Transport,Plain1
0291,2.7272727269999999,7.1363636359999996,Breaking Sound,Machine Gun2
0293,3.4090909090000001,6.1818181819999998,Breaking Sound,Bomb2
0294,5.1818181819999998,3.5909090909999999,Nature,Heavy Rain1
0295,3.0416666669999999,8.0416666669999994,Breaking Sound,Bomb3
0296,3.3181818179999998,6.6818181819999998,Nature,Wind2
0297,5.7916666670000003,4.4583333329999997,Nature,Sea Wave1
0298,6.4583333329999997,3.7083333330000001,Nature,Brook2
0299,6.5909090910000003,4.7272727269999999,Nature,MountainStream1
0300,2.5454545450000001,5.8181818180000002,Transport,Motorcycle1
0302,5.5416666670000003,5.2916666670000003,Daily Routine Sound,Ring-pull Can
0303,3.8181818179999998,6.3636363640000004,Daily Routine Sound,Machine Error3
0304,2.36,7.08,Daily Routine Sound,Machine Error4
0305,3.7083333330000001,4.8333333329999997,Sound Effect,Fantasy3
0306,3.9090909090000001,6.9090909089999997,Breaking Sound,Bomb4
0308,4.5833333329999997,5.5416666670000003,Transport,Plain2
0309,5.75,4.8333333329999997,Daily Routine Sound,Gale3
0310,4.9545454549999999,4.1818181819999998,Daily Routine Sound,Cupboard
0311,4.625,4.8333333329999997,People,Downfloor
0313,3.5,4.875,Sound Effect,Thriller Suspense Film2
0314,5.6818181819999998,4.9545454549999999,Electric sound,Electronic Sound24
0315,4.25,6.2916666670000003,Scenarios,Downtown
0316,4.4545454549999999,5.8636363640000004,Electric sound,Electronic Sound25
0317,3.72,5.68,Sound Effect,HorrorFilm6
0318,4.625,4.9166666670000003,Daily Routine Sound,Zipper1
0319,3.4166666669999999,5.75,Scenarios,Workshop2
0321,3.72,6.64,Daily Routine Sound,phone
0322,4.2272727269999999,6.6363636359999996,Transport,Sportcar2
0323,4.125,4.5416666670000003,Nature,Thunderstorm2
0324,4.5909090910000003,4.9545454549999999,Nature,Heavy Rain2
0325,4.3181818180000002,7.2272727269999999,Sound Effect,Documentary7
0327,4.875,6.0416666670000003,Transport,Airplane3
0328,3.625,6.2083333329999997,Daily Routine Sound,Open the Door5
0329,3.7916666669999999,7.375,Breaking Sound,Bomb5
0331,4.25,6.875,Daily Routine Sound,Bell2
0332,3.0454545450000001,7.4545454549999999,Nature,Thunder1
0333,6.6363636359999996,3.5909090909999999,Daily Routine Sound,Aeolian Bells1
0334,6.0909090910000003,3.7727272730000001,Nature,Drip water
0335,7.0416666670000003,3.7916666669999999,Animals ,Cicada2
0336,6.0454545450000001,4.0454545450000001,Nature,Cascade
0337,3.136363636,6.7727272730000001,Nature,Sea Wave2
0341,3.92,5.96,Daily Routine Sound,Whistling2
0342,4.32,4.5199999999999996,Nature,Thunderstorm3
0343,4.0454545450000001,7.8181818180000002,Electric sound,Electronic Sound26
0344,6.84,5.6,Sound Effect,Effectsound2
0346,7.375,4.6666666670000003,Animals ,Birds1
0349,3.24,5.56,Sound Effect,Thriller Suspense Film3
0350,6.6818181819999998,5.4090909089999997,Music,BGM12
0351,6,4.1666666670000003,Music,BGM13
0353,5.1363636359999996,3.6818181820000002,Sound Effect,Suspense Thriller5
0354,6.4090909089999997,5.7272727269999999,Music,Rock1
0355,1.818181818,6.5,People,Scared
0356,3.3181818179999998,6.8636363640000004,Daily Routine Sound,Machine Error5
0360,1.9166666670000001,7.9166666670000003,Electric sound,Electronic Sound27
0361,4.1363636359999996,5.8181818180000002,Daily Routine Sound,Alarm2
0362,3.5,7.0454545450000001,Daily Routine Sound,Spring2
0363,5.6666666670000003,3.2083333330000001,Nature,MountainStream2
0367,4.7272727269999999,4.3181818180000002,People,Ascend the Stairs
0369,3.4,6.84,Breaking Sound,Bomb6
0370,3.636363636,5.1818181819999998,Daily Routine Sound,Machine5
0372,4.0833333329999997,4.75,Animals ,Wings1
0373,4.08,5.88,Animals ,Wings2
0376,3.9545454549999999,4.7272727269999999,Daily Routine Sound,Machine6
0377,3.4583333330000001,6.8333333329999997,Breaking Sound,Crash3
0378,2.0454545450000001,7.1818181819999998,Daily Routine Sound,Signal1
0379,1.28,7.8,Transport,CarHorn
0381,3.5416666669999999,5.375,Electric sound,Electronic Sound28
0382,2.1818181820000002,6.0454545450000001,Electric sound,Electronic Sound29
0385,4.8,5.96,Daily Routine Sound,Windbell
0388,3.44,6.68,Daily Routine Sound,Bike Bells
0390,5.1363636359999996,5.2272727269999999,Daily Routine Sound,Bells1
0399,4.7916666670000003,4.0833333329999997,Daily Routine Sound,Bell3
0401,5.5,4.0909090910000003,Daily Routine Sound,Bells2
0402,5.375,5.5,Daily Routine Sound,Bells3
0405,4.9090909089999997,5.3636363640000004,Daily Routine Sound,Bells4
0407,5.5,4.8181818180000002,Daily Routine Sound,Bells5
0409,3.75,6.125,Daily Routine Sound,Bells6
0410,4.8181818180000002,4.9090909089999997,Daily Routine Sound,Bells7
0416,1.9545454550000001,7.1818181819999998,Daily Routine Sound,Telephong Bell
0417,4.6818181819999998,5.5454545450000001,Transport,Siren5
0419,7.8636363640000004,4.5454545450000001,Animals ,Birds2
0420,6.28,4.16,Nature,Birds4
0421,6.7727272730000001,5,Nature,Valley3
0422,6.2727272730000001,4.5454545450000001,Nature,Valley4
0423,3.68,5,Daily Routine Sound,Tape1
0426,4.5454545450000001,6.0454545450000001,Daily Routine Sound,Spring3
0431,3.72,7,Breaking Sound,Shooting1
0432,2.7272727269999999,6.2727272730000001,Breaking Sound,Shooting2
0433,2.9545454549999999,7,Breaking Sound,Shooting3
0434,2.875,6.2083333329999997,Breaking Sound,Shooting4
0437,2.4583333330000001,7,Breaking Sound,Shooting5
0439,2.9545454549999999,6.9545454549999999,Breaking Sound,Shooting6
0441,6.5,6.6363636359999996,Music,Tabor
0442,4.2727272730000001,4.5909090910000003,Daily Routine Sound,Temple Bell1
0443,3.1818181820000002,5.9545454549999999,Daily Routine Sound,Radio2
0444,5.1818181819999998,5,Breaking Sound,Fencing2
0445,5.8636363640000004,5.3181818180000002,Music,Piano1
0447,4.9545454549999999,5.3636363640000004,Electric sound,Electronic Sound30
0448,2.6818181820000002,7.8181818180000002,Daily Routine Sound,Machine Error6
0450,3.5416666669999999,7.0416666670000003,Breaking Sound,Shooting7
0451,5.6818181819999998,6.1363636359999996,Electric sound,Electronic Sound31
0452,2.2272727269999999,7.8181818180000002,Daily Routine Sound,Machine Error7
0453,4.4545454549999999,5.2727272730000001,Breaking Sound,Gunslinging3
0461,4.8333333329999997,3.9583333330000001,Nature,Spring1
0463,2.8181818179999998,6.0454545450000001,Nature,Thunderstorm4
0466,3.68,6.28,Daily Routine Sound,Clap
0468,3.2272727269999999,6.8181818180000002,Daily Routine Sound,Ring1
0469,3.7272727269999999,7,Electric sound,Electronic Sound32
0471,3.875,5.0833333329999997,Daily Routine Sound,Working2
0472,7.1363636359999996,5.2727272730000001,Animals ,Cat3
0480,4.5454545450000001,4.9090909089999997,Scenarios,Recess Bell
0481,4.5416666670000003,5.5,Daily Routine Sound,Doorbell2
0482,5.1666666670000003,3.75,Daily Routine Sound,Temple Bell2
0483,4.8181818180000002,4.8181818180000002,Daily Routine Sound,Temple Bell3
0485,3.875,5.75,Daily Routine Sound,Keys1
0489,3.4583333330000001,7.2916666670000003,Daily Routine Sound,Ring2
0490,3.4583333330000001,6.5,People,Child sing
0491,6.0416666670000003,5.7083333329999997,Daily Routine Sound,School Bell
0495,4.0909090910000003,6.1818181819999998,Daily Routine Sound,Ring3
0500,5.8333333329999997,6.125,Music,Harmonica
0503,6,4.5454545450000001,Music,LightMusic29
0507,3.625,6.1666666670000003,Daily Routine Sound,Head Mast
0511,5.2727272730000001,6.5,Animals ,Rooster1
0515,5.7727272730000001,6.9545454549999999,Animals ,Rooster2
0516,4.08,6.08,Animals ,Hens1
0518,5.4,6.36,Animals ,Crow as a Cook
0521,5,6.4090909089999997,Animals ,Hens2
0524,4.5909090910000003,5.4545454549999999,Daily Routine Sound,Lighter
0525,4.6818181819999998,4.3636363640000004,Daily Routine Sound,Keys2
0528,5.1363636359999996,3.6818181820000002,Daily Routine Sound,Drawer
0531,3.7916666669999999,5.5833333329999997,Daily Routine Sound,Clean Drawer
0533,3.6666666669999999,5.0833333329999997,Daily Routine Sound,Temple Bell4
0539,4.7727272730000001,4.4545454549999999,Daily Routine Sound,Play Pebble
0547,4.375,4.5,Daily Routine Sound,Bowl1
0550,2.4545454549999999,7.2272727269999999,Breaking Sound,Smashing
0551,3.3181818179999998,6.2727272730000001,Animals ,Barking2
0553,3.25,7.1666666670000003,Animals ,Hog
0555,4.6363636359999996,5.0454545450000001,Animals ,Barking3
0556,4.5,4.4583333329999997,Daily Routine Sound,Machine7
0558,4.4090909089999997,3.863636364,Daily Routine Sound,Close the Door1
0566,4.4090909089999997,4.9090909089999997,Daily Routine Sound,Open the Door1
0572,3.6818181820000002,6.4090909089999997,Daily Routine Sound,Rolling Mill
0576,2.9090909090000001,6.2272727269999999,Daily Routine Sound,Close the Door3
0577,4.3636363640000004,5.0909090910000003,Daily Routine Sound,Open the Door4
0581,4.2727272730000001,7.0909090910000003,Music,Gong1
0582,6.0454545450000001,4.6818181819999998,Music,Woodblocks
0583,3.8333333330000001,5.2083333329999997,Daily Routine Sound,Electricdrill1
0585,3.92,6.72,Electric sound,Electronic Sound33
0586,4.4545454549999999,5.9090909089999997,Electric sound,Electronic Sound34
0587,2.9583333330000001,7,Electric sound,Electronic Sound35
0593,5.7916666670000003,4.7083333329999997,Daily Routine Sound,Beat a Drum
0594,6.5,7.6818181819999998,Music,Pops4
0595,2.7272727269999999,6.6363636359999996,Daily Routine Sound,Electrowelding
0597,4.5416666670000003,6.4583333329999997,Sound Effect,Suspense Thriller6
0600,4.2727272730000001,5.7272727269999999,Daily Routine Sound,Machine8
0602,3.9545454549999999,6.6363636359999996,Breaking Sound,Gun
0603,2.4090909090000001,7.5,Nature,Thunder2
0604,2.52,7.32,Breaking Sound,Firearm
0605,3.5,7.3636363640000004,Breaking Sound,Crump
0606,3.125,7.1666666670000003,Breaking Sound,Bomb7
0607,2.9545454549999999,7.4090909089999997,Breaking Sound,Bomb8
0608,2.7727272730000001,6.0909090910000003,Transport,Auto Racing
0609,3.2272727269999999,5.5454545450000001,Animals ,Fly
0610,3.08,7.04,Electric sound,VideoGame1
0611,3.25,5.6666666670000003,Electric sound,VideoGame2
0616,6.125,7,Music,Trumpet1
0617,5.5454545450000001,6.8181818180000002,Music,Trumpet2
0620,6.0909090910000003,7.2272727269999999,Electric sound,VideoGame3
0621,4.4583333329999997,5.25,Nature,Rain4
0622,4.4090909089999997,4.1363636359999996,Nature,Spit
0624,3.7272727269999999,4.5454545450000001,Nature,Thunder3
0627,3.6666666669999999,7.5416666670000003,Daily Routine Sound,Bell4
0629,3.4583333330000001,7.0833333329999997,Electric sound,Electronic Sound36
0630,3.5,6.8636363640000004,Daily Routine Sound,Toilet2
0637,1.9545454550000001,7.1818181819999998,Daily Routine Sound,Machine9
0639,3.0454545450000001,5.9090909089999997,Daily Routine Sound,Cellophane Tape
0641,3.2916666669999999,7.4166666670000003,Electric sound,VideoGame4
0643,3.2727272730000001,6.3181818180000002,Breaking Sound,Machine Gun3
0644,3.5416666669999999,5.7916666670000003,Daily Routine Sound,Clean up the Room
0646,5,3.9545454549999999,Daily Routine Sound,Gale4
0647,4.9166666670000003,4.6666666670000003,Daily Routine Sound,Unlocking
0648,4,6.2727272730000001,Daily Routine Sound,Draw Lots
0652,3.8181818179999998,6.7272727269999999,Daily Routine Sound,Weights
0653,3.2727272730000001,6.3181818180000002,Sound Effect,Suspense Thriller7
0654,4.0909090910000003,4.6363636359999996,Transport,Motorcycle2
0655,5.2727272730000001,5.3181818180000002,Daily Routine Sound,Stone Strike
0657,3.8181818179999998,5.5,Daily Routine Sound,Plastic Bag
0658,2.68,6.36,Breaking Sound,Crash4
0659,5.1666666670000003,5.2083333329999997,Animals ,Goat2
0664,3.5454545450000001,4.5454545450000001,Transport,Motorcycle3
0665,3.9090909090000001,5.4545454549999999,Animals ,Tiger
0667,2.7083333330000001,7.875,Breaking Sound,Shooting8
0671,2.75,8.0833333330000006,Breaking Sound,Shooting9
0672,3.136363636,6.8636363640000004,Breaking Sound,Shooting10
0673,3.2916666669999999,6.875,Breaking Sound,Shooting11
0674,3.3181818179999998,6.2272727269999999,Breaking Sound,Shooting12
0677,4.25,4.5,Nature,Wind3
0679,1.636363636,7.0454545450000001,People,Vomit2
0681,4.2083333329999997,3.9166666669999999,Daily Routine Sound,Radio3
0682,6.7727272730000001,5.5,Music,Harp2
0683,4.1666666670000003,4.875,Breaking Sound,Shooting13
0688,4.7916666670000003,3.5416666669999999,Daily Routine Sound,Fire1
0689,4.2272727269999999,3.863636364,Daily Routine Sound,Wash the Dishes
0690,5.8181818180000002,4.5909090910000003,Nature,Forest1
0691,2.136363636,7.2727272730000001,Breaking Sound,Shooting14
0692,4.3636363640000004,4.9090909089999997,Daily Routine Sound,Collating1
0693,6.3181818180000002,4.9545454549999999,Daily Routine Sound,Knocking2
0694,3.2916666669999999,6.25,Breaking Sound,Glass Flying
0699,5.9090909089999997,3.5,Daily Routine Sound,Bowl2
0701,5.3333333329999997,3.9166666669999999,Daily Routine Sound,Bowl3
0703,5.875,4.7916666670000003,Animals ,Cicada3
0706,5.28,5.36,Nature,SummerCountry2
0707,3.7272727269999999,5.7727272730000001,Animals ,Barking1
0708,2.6818181820000002,4.5,People,Eatting2
0710,3.7727272730000001,5.3181818180000002,Transport,Motorcycle4
0713,5.88,6.04,Music,Xylophone
0716,5.0454545450000001,4.6818181819999998,Daily Routine Sound,Timepiece
0718,4.3181818180000002,6.0909090910000003,Daily Routine Sound,Washbasin
0719,2.5454545450000001,6.8636363640000004,Daily Routine Sound,Close the Door2
0721,3.9545454549999999,6.5454545450000001,Daily Routine Sound,Machine16
0722,4.2272727269999999,4.7727272730000001,Daily Routine Sound,Machine17
0723,2.3333333330000001,6.0833333329999997,Daily Routine Sound,Electric Motor1
0724,3.9583333330000001,7.375,Daily Routine Sound,Beating Gongs
0725,2.136363636,6.4090909089999997,Daily Routine Sound,Electric motor2
0726,3.1666666669999999,5.6666666670000003,Nature,Wind4
0727,3.125,5.375,Daily Routine Sound,Machine10
0730,5.28,4.24,Daily Routine Sound,Typing1
0731,4.9090909089999997,5.2727272730000001,Daily Routine Sound,Typing2
0734,4.6363636359999996,6.1363636359999996,Daily Routine Sound,Knocking1
0736,4.4090909089999997,5.0909090910000003,Nature,Heavy Rain3
0737,3.64,6.08,Transport,Engine1
0738,4.875,5.0833333329999997,Electric sound,VideoGame5
0740,4.3181818180000002,4.7272727269999999,Nature,Hurricane1
0741,4.1666666670000003,3.9583333330000001,Daily Routine Sound,Drop
0744,3,6.5454545450000001,Daily Routine Sound,Knocking3
0745,3.363636364,6.7272727269999999,Daily Routine Sound,Knocking4
0746,2.4545454549999999,7.6363636359999996,Daily Routine Sound,Knocking5
0747,4.4545454549999999,4.8181818180000002,Daily Routine Sound,Open the Door2
0749,4.3333333329999997,6,Daily Routine Sound,Glass Marble
0750,2.636363636,5.4090909089999997,People,Snore
0752,3.25,5.5416666670000003,Transport,Sportcar3
0753,4.25,5.1666666670000003,Transport,Sportcar4
0758,3.2727272730000001,7.3181818180000002,Breaking Sound,Bomb9
0759,2.1666666669999999,8.3333333330000006,Electric sound,Electronic Sound37
0762,2.3333333330000001,8.4583333330000006,Daily Routine Sound,Machine18
0763,2.4090909090000001,6.7727272730000001,Breaking Sound,Bomb10
0764,3.1818181820000002,7.4090909089999997,Breaking Sound,Shooting15
0767,3.0833333330000001,8.3333333330000006,Electric sound,VideoGame6
0768,3.0454545450000001,7.0909090910000003,Electric sound,VideoGame7
0771,4.3333333329999997,7.5,Electric sound,VideoGame8
0773,3.6818181820000002,4.4545454549999999,Daily Routine Sound,Tape2
0774,1.363636364,6.7272727269999999,Daily Routine Sound,Signal4
0775,2.363636364,7.3636363640000004,Electric sound,VideoGame9
0776,3.5909090909999999,6.0909090910000003,Transport,Motorcycle5
0777,2.125,7.8333333329999997,Nature,Hurricane2
0778,4.2727272730000001,5.6363636359999996,Transport,Plane
0779,3.1666666669999999,5.1666666670000003,Transport,Airplane4
0783,3.863636364,5.9090909089999997,Daily Routine Sound,Machine11
0784,3,7.2727272730000001,Breaking Sound,Crash5
0786,3.5833333330000001,5.8333333329999997,Breaking Sound,Bomb11
0789,2.0416666669999999,6.7083333329999997,Daily Routine Sound,Radio4
0790,5.0833333329999997,4.75,Nature,Brook3
0793,2.72,7.12,Breaking Sound,Disrupt
0794,2.52,7.04,Electric sound,VideoGame10
0795,2.2272727269999999,7.0909090910000003,Daily Routine Sound,Signal2
0796,2.4583333330000001,6.2916666670000003,Daily Routine Sound,Signal3
0798,3.5833333330000001,5.1666666670000003,Sound Effect,Suspense Thriller8
0799,4.75,4.25,Nature,Sea Wave3
0802,2.136363636,6,Transport,Eletromobile
0804,1.5,5.6363636359999996,People,Hiccup2
0807,3.5909090909999999,6.0454545450000001,Electric sound,VideoGame11
0809,3.363636364,6.1818181819999998,Nature,Heavy Rain4
0810,2.8333333330000001,5.7916666670000003,People,Eatting Noodle1
0811,3.9090909090000001,5.5,People,Eatting Noodle2
0814,3.2083333330000001,5.7083333329999997,Animals ,Puppy2
0815,3.136363636,5.7272727269999999,Scenarios,Bathe the Dog
0817,2.863636364,5.5909090910000003,Animals ,Puppy3
0818,3.5454545450000001,6.1818181819999998,Animals ,Puppy4
0823,3.6818181820000002,5.9545454549999999,Transport,Train5
0825,4.6363636359999996,4.7272727269999999,Nature,Heavy Rain5
0826,4.6818181819999998,6.1818181819999998,Nature,Thunderstorm5
0828,4.0909090910000003,7,Daily Routine Sound,Toy
0829,5.1363636359999996,3.8181818179999998,Daily Routine Sound,Page Turning
0833,4.4545454549999999,4.8181818180000002,Daily Routine Sound,Pouring Water1
0836,4.5,4.7727272730000001,Daily Routine Sound,Bailing
0837,4.8333333329999997,4.9583333329999997,Daily Routine Sound,Pouring Water2
0844,3.88,3.76,Daily Routine Sound,Collating2
0845,7.3181818180000002,5.6363636359999996,Music,Piano2
0853,5.4545454549999999,6.5454545450000001,Daily Routine Sound,Doorbell3
0865,2.9545454549999999,7.3636363640000004,Electric sound,VideoGame12
0867,3.5454545450000001,5.7272727269999999,Nature,Sea Wave4
0870,5.4166666670000003,6.7916666670000003,Music,Drum Set2
0872,6,7,Music,Drum
0876,4.2272727269999999,6.2272727269999999,Daily Routine Sound,Iron Sheet
0877,5.6,6.12,Daily Routine Sound,Clock3
0878,3.0833333330000001,6.1666666670000003,Breaking Sound,Bomb12
0880,5.28,5.2,Daily Routine Sound,Knocking6
0883,3.7083333330000001,5.3333333329999997,Electric sound,VideoGame13
0886,5.25,5.1666666670000003,People,Walking2
0887,6.2272727269999999,6.9090909089999997,Music,Rock2
0888,5.7727272730000001,4,Daily Routine Sound,Shearing
0889,5.1818181819999998,5.2727272730000001,Animals ,Barking4
0890,4.6363636359999996,4.6363636359999996,People,Kindergarten
0891,3.8181818179999998,6.5454545450000001,Daily Routine Sound,Alarm3
0894,5.2083333329999997,6.2083333329999997,Music,Gong2
0897,4.7272727269999999,5.6818181819999998,Nature,Droping
0903,4.625,4.5833333329999997,Daily Routine Sound,Working3
0905,4.0909090910000003,4.8181818180000002,Daily Routine Sound,Workshop1
0907,4.2272727269999999,5.5454545450000001,Nature,River
0908,4.8636363640000004,5.2727272730000001,Nature,Falls
0909,3.2727272730000001,5.7272727269999999,Daily Routine Sound,Open the Door3
0911,4.5454545450000001,6.4090909089999997,Transport,Train6
0912,4.9545454549999999,5.8636363640000004,Electric sound,Casino3
0913,3.7272727269999999,6.1363636359999996,Electric sound,Casino4
0914,3.2916666669999999,6.75,Daily Routine Sound,Radio5
0916,3.9583333330000001,5.7916666670000003,Breaking Sound,Shooting16
0917,3.5454545450000001,7.0909090910000003,Electric sound,Casino5
0918,4.25,5.25,Nature,Swell
0919,5.2272727269999999,5.5454545450000001,Nature,Sea Wave5
0920,6.2916666670000003,5.3333333329999997,Nature,Seabeach
0921,4.9545454549999999,4.9545454549999999,Nature,Sea Wave6
0922,5.12,4.84,Daily Routine Sound,Washing Clothes
0923,3,5.9583333329999997,Daily Routine Sound,Electricdrill2
0924,4.0833333329999997,5.9583333329999997,Electric sound,Casino6
0928,4.3181818180000002,5.3636363640000004,Nature,Wind5
0929,2.5454545450000001,6.4545454549999999,Breaking Sound,Bomb13
0930,3.6666666669999999,5.4166666670000003,Breaking Sound,Shooting17
0931,4.1666666670000003,5.3333333329999997,Transport,Airplane5
0933,6.1363636359999996,6.2272727269999999,Music,Pipa
0934,6.7083333329999997,5.5833333329999997,Animals ,Cat4
0936,3.4166666669999999,6.0833333329999997,Sound Effect,Mystery BGM7
0938,4.1818181819999998,3.6818181820000002,Nature,Wind6
0939,3.5,5.0454545450000001,Transport,Truck
0941,3.625,5.75,Sound Effect,Suspense Film1
0942,4.1818181819999998,5.4545454549999999,Nature,Sea2
0945,5.3333333329999997,4.4166666670000003,Daily Routine Sound,Eathing1
0948,3,6.8333333329999997,Sound Effect,ThrillerBGM18
0954,4.3181818180000002,4.6818181819999998,Daily Routine Sound,Sprinkle
0957,5.3636363640000004,3.5454545450000001,Nature,Dripping1
0960,5.5909090910000003,3.2272727269999999,Nature,Dripping2
0965,5.0909090910000003,4.2727272730000001,Daily Routine Sound,Washing
0972,3.5833333330000001,5.7083333329999997,Transport,Sports Car
0973,3.863636364,5.6818181819999998,Sound Effect,AdventureBGM2
0978,6,5.6818181819999998,Music,Trumpet3
0981,4.1818181819999998,5.5909090910000003,Nature,Wind7
0989,3.5416666669999999,5.7916666670000003,Breaking Sound,Shooting18
0990,3.6818181820000002,4.7272727269999999,Daily Routine Sound,Working4
0991,5.5454545450000001,6.6363636359999996,Electric sound,Casino7
0994,2.8333333330000001,6.7083333329999997,Daily Routine Sound,Busy Line1
0995,3.5454545450000001,4.4545454549999999,Daily Routine Sound,Busy Line2
0997,3.5,5.875,Breaking Sound,Bomb14
0998,3.5,7.1818181819999998,Breaking Sound,Shooting19
0999,3.2916666669999999,4.4166666670000003,Nature,Thunder4
1000,3.25,6.25,Breaking Sound,Bomb15
1001,3.5909090909999999,5.4090909089999997,Nature,Thunder5
1003,4.5416666670000003,4.0416666670000003,Daily Routine Sound,Bell5
1004,3.6818181820000002,6.5,Transport,Engine2
1005,4.1666666670000003,4.2916666670000003,Daily Routine Sound,Toilet3
1007,4,5.7727272730000001,Daily Routine Sound,Alarm4
1012,4,5.4090909089999997,Daily Routine Sound,Chopping
1016,6.4090909089999997,4.5454545450000001,Daily Routine Sound,Aeolian Bells2
1018,4,4.9583333329999997,Sound Effect,Sci-Fi12
1021,4.3636363640000004,4.5,Sound Effect,Effectsound3
1022,3.04,5.4,Electric sound,Casino8
1024,3.88,5.36,Sound Effect,Effectsound4
1025,7.9166666670000003,3.4583333330000001,Animals ,Birds3
1026,4.4090909089999997,5.5454545450000001,Daily Routine Sound,Machine12
1027,2.0454545450000001,6.5909090910000003,People,Vomit3
1028,3.5454545450000001,7.2272727269999999,Electric sound,Casino9
1030,4.25,4.75,Daily Routine Sound,Housekeeping
1033,4.6818181819999998,4.0454545450000001,Daily Routine Sound,Fire2
1035,4.2916666670000003,5.2083333329999997,Sound Effect,Effectsound5
1037,3.863636364,5.2727272730000001,Sound Effect,Suspense Film2
1038,7.08,3.4,Daily Routine Sound,Water Tap
1039,3,6.2916666670000003,Transport,Siren6
1040,4.6818181819999998,4.3636363640000004,Sound Effect,ThrillerBGM19
1041,3.875,4.8333333329999997,Nature,Gale1
1042,4.3600000000000003,5.72,Nature,Gale2
1044,4.125,5,Nature,Wind8
1045,4.375,4.5,Nature,Wind9
1047,3.32,6.4,Daily Routine Sound,Machine13
1048,3.48,6.44,Daily Routine Sound,Machine Error8
1050,4.1818181819999998,4.4090909089999997,Daily Routine Sound,Scotch Tape
1052,3.9545454549999999,5.1363636359999996,Daily Routine Sound,Zipper2
1058,3.25,7.5833333329999997,Breaking Sound,Shooting20
1059,2.6818181820000002,6.7272727269999999,Daily Routine Sound,Machine Error9
1061,3.7272727269999999,5.5454545450000001,Daily Routine Sound,Doorbell4
1063,2.3181818179999998,5.9545454549999999,Transport,Siren7
1064,3.6666666669999999,4.9583333329999997,Daily Routine Sound,Kettle
1066,3.363636364,6.6363636359999996,Nature,Sea Wave7
1072,4.5,3.7916666669999999,Daily Routine Sound,Twisting
1073,7.9545454549999999,6.7727272730000001,Music,Jazz1
1074,7.8636363640000004,5,Music,Piano3
1074_b,8.0454545450000001,3.4545454549999999,Music,Piano4
1075,7.3636363640000004,6.4090909089999997,Music,Guitar2
1076,7.625,7.9166666670000003,Music,Country Music1
1077,7.6818181819999998,6.5909090910000003,Music,Country Music2
1077_b,7.6666666670000003,6.375,Music,Country Music3
1078,7,8.2083333330000006,Music,Country Music4
1079,6.6818181819999998,7.0454545450000001,Music,Pops5
1079_b,7.1666666670000003,7.625,Music,Pops6
1080,7.8636363640000004,6.5909090910000003,Music,Pops7
1081,6.1818181819999998,7.5,Music,Pops8
1081_b,6.625,7.9583333329999997,Music,Pops9
1082,7.3636363640000004,7.7727272730000001,Music,Pops10
1083,7,6.0909090910000003,Music,Pops11
1084,6.9545454549999999,6.2727272730000001,Music,Country Music5
1084_b,7.4090909089999997,6.4090909089999997,Music,Country Music6
1085,8.0909090910000003,7.7727272730000001,Music,Country Music7
1086,7.04,7.2,Music,Country Music8
1087,6.6,6.56,Music,Country Music9
1088,6.4090909089999997,5.1818181819999998,Music,LightMusic1
1089,6.8636363640000004,5.6363636359999996,Music,Pops12
1090,5.4545454549999999,6.7272727269999999,Music,Rap
1091,5.125,6.5,Music,FunkMusic1
1092,5.3333333329999997,6.5833333329999997,Music,Country Music10
1093,4.9090909089999997,6,Music,Rock Jazz
1094,4.0454545450000001,6.6818181819999998,Music,Country Music11
1095,6.1666666670000003,6.9583333329999997,Music,Country Music12
1097,5.5909090910000003,7.4090909089999997,Music,Pops13
1098,5.375,6.8333333329999997,Music,Pops14
1099,6.5909090910000003,7.7727272730000001,Music,Pops15
1099_b,4.6399999999999997,6.8,Music,Pops16
1100,6.5909090910000003,7.9090909089999997,Music,Heavy Metal1
1102,4.75,7,Music,Country Music13
1102_b,5.9090909089999997,7.1363636359999996,Music,Country Music14
1103,4.6399999999999997,7.04,Music,Country Music15
1104,5.125,6.625,Music,Heavy Metal2
1105,4.0833333329999997,5.7916666670000003,Music,Heavy Metal3
1106,4.8636363640000004,4.6363636359999996,Sound Effect,Mystery BGM8
1108,4.6363636359999996,6.2272727269999999,Music,Heavy Metal4
1109,7.8,7.68,Music,Symphony2
1110,7,6.6363636359999996,Music,Orchestral Music1
1111,7.4,5.64,Music,Symphony3
1112,7.5909090910000003,3.0909090909999999,Music,Orchestral Music2
1112_b,7.5,4.8636363640000004,Music,Orchestral Music3
1113,7.3181818180000002,5.9545454549999999,Music,Orchestral Music4
1114,7.75,7.9166666670000003,Music,Martial Music1
1115,6.6363636359999996,7.1818181819999998,Music,Symphony4
1115_b,7.32,7,Music,Symphony5
1116,4.4583333329999997,5.4583333329999997,Music,Martial Music2
1117,7.375,4.7083333329999997,Music,Symphony6
1118,7.0909090910000003,4.6363636359999996,Music,Orchestral Music5
1119,5.7916666670000003,4.75,Music,Orchestral Music6
1119_b,5.4,5.52,Music,Orchestral Music7
1120,5.2272727269999999,6.5454545450000001,Music,Martial Music3
1121,7.1666666670000003,3.125,Music,LightMusic2
1122,7.5,2.2272727269999999,Music,LightMusic3
1122_b,6.7727272730000001,2.6818181820000002,Music,LightMusic4
1123,7.8181818180000002,2.7727272730000001,Music,LightMusic5
1124,7.1363636359999996,3.4545454549999999,Music,LightMusic6
1125,7.2727272730000001,3.4545454549999999,Music,LightMusic7
1126,7,2.363636364,Music,LightMusic8
1127,5.6363636359999996,3.3181818179999998,Music,LightMusic9
1128,6.3333333329999997,2.75,Music,LightMusic10
1128_b,5.84,3.6,Music,LightMusic11
1129,6.9545454549999999,3.0454545450000001,Music,Orchestral Music8
1130,5.9583333329999997,3.125,Music,BGM14
1131,6.44,3.08,Music,BGM15
1132,6.7272727269999999,3.0454545450000001,Music,BGM16
1133,7.4090909089999997,1.9090909089999999,Music,LightMusic12
1134,7.1363636359999996,3.9545454549999999,Music,LightMusic13
1135,7.5833333329999997,2.75,Music,LightMusic14
1136,6.1818181819999998,4.5,Music,Ethnic Music1
1137,5.8333333329999997,2.8333333330000001,Music,Ethnic Music2
1138,6.1363636359999996,3.4090909090000001,Sound Effect,Suspense Film3
1138_b,6.0416666670000003,2.9583333330000001,Sound Effect,Suspense Film4
1139,6.04,3.24,Sound Effect,TragedyBGM4
1140,4.8333333329999997,4.5833333329999997,Sound Effect,Suspense Film5
1141,5.2916666670000003,4.25,Sound Effect,Drama1
1141_b,4.5833333329999997,5.1666666670000003,Sound Effect,Drama2
1142,5.7272727269999999,4.7727272730000001,Sound Effect,Documentary8
1143,7.25,4.1666666670000003,Music,Symphony7
1144,7.5454545450000001,4.8181818180000002,Music,LightMusic15
1145,6.6818181819999998,5.1363636359999996,Music,LightMusic16
1146,5.7272727269999999,4.3636363640000004,Sound Effect,Documentary9
1148,5.875,4.1666666670000003,Music,Pops17
1149,7,4.5833333329999997,Sound Effect,Mystery BGM9
1155,7.0416666670000003,2.4166666669999999,Music,LightMusic17
1156,6.6363636359999996,4.4090909089999997,Music,BGM17
1157,5.8636363640000004,2.9545454549999999,Music,BGM18
1158,5.5416666670000003,3.0833333330000001,Music,BGM19
1159,6.9090909089999997,3.3181818179999998,Nature,Forest2
1160,4.5,3.4545454549999999,Sound Effect,Suspense Thriller9
1160_b,4.5,3.7083333330000001,Sound Effect,Suspense Thriller10
1161,6.4166666670000003,3.4583333330000001,Music,LightMusic18
1162,7.5454545450000001,3.4090909090000001,Music,LightMusic19
1162_b,7.2272727269999999,3.3181818179999998,Music,LightMusic20
1163,6,5.0833333329999997,Music,BGM20
1164,5.6818181819999998,3.136363636,Sound Effect,Fantasy4
1165,7.0454545450000001,3.2727272730000001,Sound Effect,Documentary10
1165_b,6.5454545450000001,3.136363636,Sound Effect,Documentary11
1166,5.5416666670000003,3.5416666669999999,Music,BGM21
1167,6.6666666670000003,3.0833333330000001,Music,Ballade6
1168,4.9090909089999997,3.5909090909999999,Sound Effect,Suspense Thriller11
1169,6.4545454549999999,4.5454545450000001,Music,BGM22
1170,6.7272727269999999,4.0909090910000003,Music,LightMusic21
1170_b,7.125,2.8333333330000001,Music,LightMusic22
1171,6.8333333329999997,3.875,Music,LightMusic23
1172,4.7727272730000001,4.9545454549999999,Sound Effect,Documentary12
1173,4,3.7727272730000001,Sound Effect,Documentary13
1174,5.5909090910000003,4.0454545450000001,Music,BGM23
1176,6.6666666670000003,3,Music,BGM25
1177,7.6363636359999996,3.363636364,Music,BGM24
1178,6.9545454549999999,3.3181818179999998,Sound Effect,Documentary14
1179,4.5,5.7272727269999999,Sound Effect,Suspense Thriller17
1179_b,4.6363636359999996,5.4090909089999997,Sound Effect,Suspense Thriller18
1180,5.48,5.56,Sound Effect,Effectsound7
1181,6.16,6.92,Music,BGM26
1182,5.7272727269999999,3,Sound Effect,Suspense Thriller12
1184,5.7916666670000003,4.4583333329999997,Sound Effect,Drama3
1185,5.72,3.32,Music,BGM27
1186,4.25,3.7083333330000001,Sound Effect,Mystery BGM10
1187,6.5,3.0909090909999999,Sound Effect,Documentary15
1188,4.76,3.96,Sound Effect,Mystery BGM11
1189,4.2272727269999999,4.7272727269999999,Sound Effect,ThrillerBGM1
1189_b,4.9166666670000003,4.5416666670000003,Sound Effect,ThrillerBGM2
1190,4.4090909089999997,3.7727272730000001,Sound Effect,Drama4
1191,5.64,3.44,Sound Effect,Suspense Thriller13
1358,7.5909090910000003,3.5454545450000001,Music,Piano5
1360,7.6818181819999998,3.1818181820000002,Music,Piano6
1361,7.6666666670000003,3.125,Music,Piano7
1362,3.5,6.1666666670000003,Sound Effect,Mystery BGM12
1363,5.2272727269999999,5.3181818180000002,Music,Piano8
1364,3.9166666669999999,6.4166666670000003,Sound Effect,ThrillerBGM3
1365,4.4545454549999999,4.5909090910000003,Sound Effect,Suspense Film6
1366,3.863636364,4.9545454549999999,Transport,Helicopter5
1367,4.6363636359999996,4.2727272730000001,Sound Effect,Suspense Thriller14
1368,6.6818181819999998,3.4090909090000001,Sound Effect,Mystery BGM13
1371,6.4583333329999997,3.875,Music,TragedyBGM5
1373,3.0454545450000001,5.1363636359999996,Sound Effect,AdventureBGM1
1374,4.4090909089999997,6.0909090910000003,Sound Effect,HorrorFilm17
1375,3.4583333330000001,6.75,Sound Effect,ThrillerBGM4
1376,4.9090909089999997,4.6818181819999998,Sound Effect,Suspense Thriller15
1377,3.4090909090000001,5.1818181819999998,Transport,Airplane1
1378,3.8181818179999998,4.3636363640000004,Sound Effect,Mystery BGM15
1379,5.1666666670000003,3.2916666669999999,Sound Effect,Mystery BGM14
1380,2.56,5.16,Music,Suspense Thriller16
1381,3.08,4.12,Music,Piano9
1381_b,3.2083333330000001,4.5416666670000003,Music,Piano10
1382,3.9090909090000001,4.9545454549999999,Animals ,Cat5
1383,3.5909090909999999,5,Electric sound,Electronic Sound1
1384,3.4583333330000001,5.7083333329999997,Electric sound,Electronic Sound2
1385,5.24,5.92,People,BabyLaugh1
1386,2.8181818179999998,4.7727272730000001,People,BabyLaugh2
1387,3.4583333330000001,6.5833333329999997,People,BabyLaugh3
1388,3.4166666669999999,6.4166666670000003,People,BabyCry1
1389,4.16,6.24,People,BabyCry2
1390,3.0909090909999999,6.4545454549999999,People,BabyCry3
1391,5.5,6.3636363640000004,Music,Jazz2
1392,3.136363636,7.5909090910000003,Music,Jazz3
1393,6.4090909089999997,6.5454545450000001,Music,Jazz4
102,5.3333333329999997,5.1666666670000003,Animals ,Cat4
104,3.68,5.84,Animals ,Panting
105,4.5,6.3636363640000004,Animals ,Puppy4
106,3.25,6.7916666670000003,Animals ,Growl1
107,4.9090909089999997,5.7272727269999999,Animals ,Dog
109,3.6666666669999999,6.3333333329999997,Scenarios,Carousel
110,5.8181818180000002,6.3636363640000004,People,Baby
111,6.32,4.12,Scenarios,MusicBox
112,6.25,6.5,Scenarios,Kids1
113,4.5599999999999996,5.24,Animals ,Cows
114,5.5416666670000003,6.5,Animals ,Cattle
115,2.125,6.2083333329999997,Animals ,Bees
116,1.9166666670000001,6.7916666670000003,Animals ,Buzzing
120,5.6818181819999998,6.0454545450000001,Animals ,Rooster3
130,2.7272727269999999,4.0909090910000003,Animals ,Pig
132,4.75,5.9166666670000003,Animals ,Chickens
133,3.5909090909999999,5.4545454549999999,Animals ,Growl2
134,4.9545454549999999,5.1363636359999996,Animals ,RattleSnake
150,4.9090909089999997,5.0909090910000003,Animals ,Seagull
151,7.5,5.1363636359999996,Animals ,Robin
152,5.5833333329999997,6,Animals ,Tropical
170,4.76,4.12,Nature,Night
171,5.3181818180000002,3.5,Animals ,CountryNight
172,7.28,3.64,Nature,Brook3
200,3.7916666669999999,6.4583333329999997,People,EroticCouple
201,3.9090909090000001,5.8181818180000002,People,EroticFem1
202,4.4166666670000003,6.4583333329999997,People,EroticFem2
204,3.7272727269999999,5.5454545450000001,People,EroticFem4
205,4.2272727269999999,5.9545454549999999,People,EroticFem3
206,5.12,4.96,Scenarios,Shower
210,2.5909090909999999,4.5,People,EroticMale1
215,3.2727272730000001,6.2727272730000001,People,EroticCouple2
216,3.2916666669999999,6.25,People,EroticCouple3
220,4.5454545450000001,6.4090909089999997,People,BoyLaugh
221,5.6363636359999996,5.1363636359999996,People,MaleLaugh
224,5.0909090910000003,6.6818181819999998,People,Kids2
225,5.5454545450000001,5.3181818180000002,Scenarios,ClapGame
226,5.4583333329999997,5.5416666670000003,People,Laughing
230,5.2272727269999999,5.7727272730000001,People,Giggling
241,2.5909090909999999,5.1363636359999996,People,MaleCough
242,2.5454545450000001,4.6363636359999996,People,FemaleCough
243,3.9090909090000001,5.3636363640000004,People,CoupleSneeze
244,2.5909090909999999,5.6363636359999996,People,ManWheeze
245,3.5,5.2916666670000003,People,Hiccup2
246,4,5.9583333329999997,People,HeartBeat
250,3.88,3.92,People,MaleSneeze
251,3.4166666669999999,5,People,NoseBlow
252,2.4090909090000001,4.8181818180000002,People,MaleSnore
254,5.7272727269999999,6.1818181819999998,Electric sound,VideoGame14
255,1.181818182,5.9545454549999999,People,Vomit
260,4.25,6.125,People,BabiesCry
261,3.92,6.16,People,BabyCry1
262,4.5999999999999996,2.48,People,Yawn
270,5.4090909089999997,4.7727272730000001,People,Whistling1
275,1.375,7.875,People,Scream2
276,1.7272727269999999,7.7272727269999999,People,FemScream2
277,2.625,6.9166666670000003,People,FemScream3
278,2,6.5,People,ChildAbuse
279,1.9166666670000001,6.2083333329999997,People,Attack1
280,3.863636364,5.4090909089999997,Scenarios,WomanCrying
281,1.8,6.72,People,Attack3
282,3.1818181820000002,5.9090909089999997,People,Fight2
283,2.2272727269999999,5.5454545450000001,People,Fight3
284,3.2272727269999999,6.1363636359999996,People,Attack4
285,1.48,7.04,People,Attack2
286,2,7.1363636359999996,Scenarios,Victim
288,4.875,5.7916666670000003,People,Creep
289,3.9545454549999999,5.5454545450000001,Breaking Sound,GunShot
290,2.0909090909999999,6.9090909089999997,People,Fight1
291,3,6.3636363640000004,Scenarios,Prowler
292,2.1818181820000002,6.3181818180000002,People,MaleScream
293,2.9090909090000001,5.3636363640000004,People,ManSobbing
295,3.363636364,5.1363636359999996,People,CoupleSobbing
296,2.875,5.5,People,WomenCrying
310,3.625,6.5,People,Crowd1
311,6.72,6.76,Scenarios,Crowd2
312,3.8333333330000001,6.8333333329999997,People,Crowd3
319,3.875,6.0833333329999997,Scenarios,Office2
320,4.5909090910000003,6.3636363640000004,Scenarios,Office1
322,4.2916666670000003,5.8333333329999997,Daily Routine Sound,TypeWriter
351,7.1363636359999996,5.8181818180000002,Scenarios,Applause1
352,6.2083333329999997,7.2083333329999997,Scenarios,SportsCrowd
353,6.9583333329999997,7.3333333329999997,Scenarios,Baseball
355,6,6.9545454549999999,Scenarios,Crowd4
358,4.7727272730000001,5.1363636359999996,Daily Routine Sound,Writing
360,4.1363636359999996,7,Scenarios,RollerCoaster
361,4.6363636359999996,6.3181818180000002,Scenarios,Restaurant
363,6.7083333329999997,7.375,Music,HorseRace
364,4.7727272730000001,6.5454545450000001,Scenarios,Bar
365,4.5999999999999996,6,Scenarios,Party
366,5.3636363640000004,6.2727272730000001,Electric sound,Casino1
367,5.2083333329999997,6.875,Electric sound,Casino2
368,5.3181818180000002,5.7727272730000001,Scenarios,Crowd5
370,5.9166666670000003,4.5833333329999997,Daily Routine Sound,CourtSport
373,5.1363636359999996,4.1818181819999998,Daily Routine Sound,Paint
374,5.64,4.5599999999999996,Daily Routine Sound,Sink
375,5.3181818180000002,4.4090909089999997,Daily Routine Sound,Polaroid
376,4.3333333329999997,5.3333333329999997,Transport,Lawnmower
377,5.7272727269999999,3.9090909090000001,Nature,Rain1
378,3.7916666669999999,6.5416666670000003,Daily Routine Sound,Doorbell4
380,3.7272727269999999,6.2272727269999999,Transport,JackHammer
382,4.0416666670000003,4.9583333329999997,Daily Routine Sound,Shovel
400,5.2,5.88,Transport,Jet
403,4.6363636359999996,5.8181818180000002,Transport,Helicopter1
410,4.7727272730000001,6,Transport,Helicopter2
415,5.2272727269999999,5.8181818180000002,Scenarios,Countdown
420,2.9545454549999999,6.6363636359999996,Transport,CarHorns
422,2.6666666669999999,6.7083333329999997,Transport,TireSkids
423,3.25,6.4583333329999997,People,Injury
424,2.04,6.72,Transport,CarWreck
425,5.6,5.64,Transport,Train
500,3.7727272730000001,5,Nature,Wind10
501,3.4090909090000001,6.5454545450000001,Transport,PlaneCrash
502,4.4400000000000004,5.2,Transport,EngineFailure
600,1.68,7.16,Scenarios,BikeWreck
601,7.2272727269999999,6.9545454549999999,Music,ColonialMusic
602,3.5833333330000001,5.2916666670000003,Nature,Thunderstorm
610,5.7916666670000003,7.0416666670000003,Scenarios,CowboyIndians
611,3.8,6.28,Scenarios,BattleTaps
624,3.0454545450000001,6.2727272730000001,Transport,AirRaid
625,3.4545454549999999,6.6818181819999998,Scenarios,MayDay
626,2.7272727269999999,7.3181818180000002,Breaking Sound,Explosion
627,4.5909090910000003,4.1363636359999996,Nature,Rain2
698,4.6363636359999996,5.9090909089999997,Nature,Rain3
699,3.04,6.8,Breaking Sound,Bomb15
700,4.3333333329999997,4.0416666670000003,Daily Routine Sound,Toilet
701,4.5,5.9090909089999997,Daily Routine Sound,Fan
702,1.363636364,6.0909090910000003,People,Belch
703,3.363636364,6,Daily Routine Sound,BusySignal
704,4.4166666670000003,6.5416666670000003,Daily Routine Sound,Phone1
705,5.8181818180000002,4.1363636359999996,Daily Routine Sound,Phone2
706,4.0454545450000001,6.1363636359999996,Scenarios,War
708,4.7272727269999999,2.863636364,Daily Routine Sound,Clock3
709,3.6666666669999999,7.5833333329999997,Daily Routine Sound,AlarmClock
710,5.5454545450000001,6.2727272730000001,Daily Routine Sound,Cuckoo
711,3.2272727269999999,7.4090909089999997,Transport,Siren1
712,2.5416666669999999,7.75,Daily Routine Sound,Buzzer
713,3.8181818179999998,6.6818181819999998,Transport,Sirens
714,3.7727272730000001,6.6818181819999998,Transport,Siren2
715,3.8181818179999998,6.2272727269999999,Daily Routine Sound,Alarm4
716,6.0909090910000003,6.6363636359999996,Electric sound,SlotMachine1
717,5.6818181819999998,6.2272727269999999,Electric sound,SlotMachine2
719,2.4,5.76,Daily Routine Sound,DentistDrill
720,3.25,5.7083333329999997,Daily Routine Sound,BrushTeeth
721,6.5,5.1818181819999998,Daily Routine Sound,Beer
722,5.4166666670000003,4.1666666670000003,People,Walking
723,4.0909090910000003,4.4545454549999999,Daily Routine Sound,Radio5
724,4.2727272730000001,4.7272727269999999,People,Chewing
725,6.7916666670000003,4.2916666670000003,Daily Routine Sound,SodaFizz
726,7.04,4.84,Daily Routine Sound,CorkPour
728,4.4583333329999997,4.5416666670000003,Daily Routine Sound,Paper1
729,4.1666666670000003,5.5833333329999997,Daily Routine Sound,Paper2
730,3.6818181820000002,6.3636363640000004,Daily Routine Sound,GlassBreak
732,2.96,6.6,Breaking Sound,Crash5
802,6.2272727269999999,6.1363636359999996,People,NativeSong
808,7.1666666670000003,7,Music,Bugle
809,7.3333333329999997,4.9583333329999997,Music,Harp2
810,7.8333333329999997,6,Music,Beethoven
811,7.8636363640000004,5.7727272730000001,Music,Bach
812,6,4.5,People,Choir
813,6.3181818180000002,5.1818181819999998,Music,Wedding
815,7.3181818180000002,8,Music,RockNRoll
816,7.125,5.2916666670000003,Music,Guitar2
817,6.9583333329999997,7.625,Music,Bongos
820,6.875,6.5,Music,FunkMusic2
826,7.1363636359999996,5.7272727269999999,Music,BagPipes
910,3,5.8636363640000004,Daily Routine Sound,Electricity
